<?xml version="1.0" encoding="UTF-8"?>
<beans:beans xmlns="http://www.springframework.org/schema/security" xmlns:xsi="http://www.w3.org/2001/XMLSchema-instance" xmlns:beans="http://www.springframework.org/schema/beans"
    xsi:schemaLocation="
		http://www.springframework.org/schema/security 
        http://www.springframework.org/schema/security/spring-security.xsd
		http://www.springframework.org/schema/beans 
        http://www.springframework.org/schema/beans/spring-beans.xsd"
>

    <http use-expressions="true">
        <intercept-url pattern="/anonymous*" access="isAnonymous()"/>
        <intercept-url pattern="/login*" access="permitAll"/>
        <intercept-url pattern="/**" access="isAuthenticated()"/>

        <csrf disabled="true"/>
        
        <form-login login-page='/login.html' authentication-success-handler-ref="myAuthenticationSuccessHandler" authentication-failure-url="/login.html?error=true"/>

        <logout delete-cookies="JSESSIONID"/>

        <remember-me key="uniqueAndSecret" token-validity-seconds="86400"/>

    </http>

    <beans:bean id="myAuthenticationSuccessHandler" class="com.baeldung.security.MySimpleUrlAuthenticationSuccessHandler"/>

    <authentication-manager id="authenticationManager">
        <authentication-provider>
            <user-service>
                <user name="user1" password="{noop}user1Pass" authorities="ROLE_USER" />
                <user name="admin1" password="{noop}admin1Pass" authorities="ROLE_ADMIN"/>
            </user-service>
        </authentication-provider>
    </authentication-manager>

    <!--     <mvc:interceptors>
        <bean id="loggerInterceptor" class="com.baeldung.web.interceptor.LoggerInterceptor" />
    </mvc:interceptors> -->
</beans:beans>